+0.01913146+0.00000000i, +0.00988923+0.01852159i, +0.01753566+0.01044653i, +0.03501087-0.01218093i, +0.03018969+0.00475881i, -0.01982324-0.01143897i, +0.02738698-0.02255863i, -0.00532208-0.01852584i, -0.00167375+0.01572822i, -0.01600424+0.00560670i, +0.02390063+0.02842675i, +0.02433937+0.00786663i, +0.00853555-0.00666846i, -0.01824818-0.02956444i, +0.00486830-0.00505579i, -0.00675739-0.00049857i, +0.00238716-0.02256579i, +0.03402781-0.00377165i, -0.00039195-0.01043111i, +0.00903222-0.01589869i, -0.01202711+0.00711018i, +0.01301516+0.01215697i, +0.02563416+0.02636850i, +0.01517461-0.01586798i, -0.00225306-0.02103344i, +0.00028930+0.01189778i, +0.01988921+0.03198149i, +0.01233797+0.02165672i, -0.03090682-0.01776610i, +0.01583045+0.01852538i, +0.01580394+0.00027946i, +0.01448057+0.00494324i
+0.00988923-0.01852159i, +0.02304299+0.00000000i, +0.01917786-0.01157676i, +0.00630481-0.04019124i, +0.02021244-0.02676743i, -0.02132114+0.01327841i, -0.00768293-0.03817470i, -0.02068631-0.00442375i, +0.01436166+0.00975045i, -0.00284477+0.01839221i, +0.03987502-0.00844469i, +0.02019710-0.01949715i, -0.00204378-0.01171044i, -0.03805464+0.00238433i, -0.00237815-0.00732649i, -0.00397563+0.00628427i, -0.02061250-0.01397553i, +0.01393786-0.03489267i, -0.01030119-0.00501248i, -0.01072304-0.01696247i, +0.00066660+0.01531903i, +0.01849709-0.00631622i, +0.03877846-0.01118688i, -0.00751825-0.02289318i, -0.02152756-0.00869114i, +0.01166804+0.00586999i, +0.04124290-0.00272366i, +0.02734395-0.00075010i, -0.03317577+0.02073812i, +0.02611773-0.00574987i, +0.00843975-0.01515569i, +0.01227079-0.01146375i
+0.01753566-0.01044653i, +0.01917786+0.01157676i, +0.02177719-0.00000000i, +0.02543927-0.03028221i, +0.03027000-0.01212289i, -0.02441587+0.00033945i, +0.01278467-0.03563133i, -0.01499399-0.01407449i, +0.00705409+0.01533022i, -0.01160781+0.01387798i, +0.03742915+0.01300492i, +0.02660465-0.00607980i, +0.00418234-0.01077297i, -0.03286940-0.01713418i, +0.00170157-0.00729235i, -0.00646598+0.00323282i, -0.01013377-0.02198701i, +0.02913000-0.02203757i, -0.00605505-0.00934701i, -0.00040249-0.01950449i, -0.00714146+0.01308438i, +0.01856772+0.00403614i, +0.03789420+0.01017178i, +0.00524431-0.02283033i, -0.01355021-0.01804873i, +0.00676182+0.01074739i, +0.03569336+0.01845355i, +0.02313425+0.01311327i, -0.03802980+0.00059215i, +0.02462558+0.00833609i, +0.01463829-0.00837343i, +0.01597191-0.00337605i
+0.03501087+0.01218093i, +0.00630481+0.04019124i, +0.02543927+0.03028221i, +0.07182601-0.00000000i, +0.05221769+0.02793037i, -0.02899370-0.03355488i, +0.06448160-0.02384545i, +0.00205585-0.03729113i, -0.01307709+0.02771722i, -0.03285778+0.00007051i, +0.02563933+0.06723884i, +0.03953277+0.02989284i, +0.01986598-0.00676883i, -0.01457087-0.06572194i, +0.01212807-0.00615254i, -0.01204870-0.00521480i, +0.01873610-0.03977586i, +0.06467282+0.01476320i, +0.00592418-0.01933865i, +0.02665175-0.02334407i, -0.02653683+0.00535412i, +0.01607765+0.03053416i, +0.03012220+0.06457595i, +0.03787286-0.01937704i, +0.00926878-0.03992604i, -0.00704586+0.02195731i, +0.01603507+0.07119002i, +0.00878992+0.04748767i, -0.04524835-0.05219050i, +0.01717492+0.04398092i, +0.02874353+0.01057372i, +0.02335232+0.01826593i
+0.03018969-0.00475881i, +0.02021244+0.02676743i, +0.03027000+0.01212289i, +0.05221769-0.02793037i, +0.04882345+0.00000000i, -0.03412670-0.01311995i, +0.03760571-0.04241012i, -0.01300648-0.02791019i, +0.00127108+0.02523567i, -0.02386027+0.01282839i, +0.04478646+0.03891266i, +0.04036461+0.00635940i, +0.01181048-0.01264607i, -0.03614980-0.04211397i, +0.00642465-0.00918905i, -0.01078727+0.00089411i, -0.00184611-0.03620291i, +0.05275815-0.01441589i, -0.00321316-0.01636294i, +0.01029828-0.02733504i, -0.01721033+0.01421161i, +0.02356206+0.01594643i, +0.04701002+0.03523352i, +0.01999868-0.02881446i, -0.00878728-0.03263061i, +0.00341600+0.01870288i, +0.03934060+0.04551991i, +0.02485642+0.03110560i, -0.05319055-0.02034728i, +0.02958871+0.02529558i, +0.02500833-0.00349013i, +0.02408012+0.00419855i
-0.01982324+0.01143897i, -0.02132114-0.01327841i, -0.02441587-0.00033945i, -0.02899370+0.03355488i, -0.03412670+0.01311995i, +0.02737957-0.00000000i, -0.01488916+0.03974940i, +0.01659138+0.01601358i, -0.00766985-0.01729770i, +0.01323062-0.01537860i, -0.04176162-0.01516412i, -0.02992304+0.00640177i, -0.00485703+0.01201311i, +0.03658502+0.01972264i, -0.00202141+0.00814943i, +0.00729984-0.00352374i, +0.01101893+0.02480908i, -0.03300311+0.02425374i, +0.00664303+0.01057395i, +0.00014723+0.02187407i, +0.00821073-0.01455846i, -0.02075461-0.00481461i, -0.04232718-0.01199494i, -0.00623562+0.02551487i, +0.01491072+0.02044686i, -0.00741360-0.01215502i, -0.03973058-0.02124589i, -0.02573296-0.01506277i, +0.04264699-0.00007111i, -0.02747945-0.00973000i, -0.01654249+0.00915984i, -0.01795981+0.00353615i
+0.02738698+0.02255863i, -0.00768293+0.03817470i, +0.01278467+0.03563133i, +0.06448160+0.02384545i, +0.03760571+0.04241012i, -0.01488916-0.03974940i, +0.06580460-0.00000000i, +0.01422588-0.03279549i, -0.02094173+0.02054160i, -0.02952139-0.01084513i, +0.00069508+0.06887546i, +0.02556634+0.03996066i, +0.02008180+0.00051859i, +0.00873800-0.06383906i, +0.01293051-0.00149704i, -0.00908543-0.00868160i, +0.03002543-0.02948849i, +0.05315862+0.03472429i, +0.01173864-0.01539446i, +0.03167651-0.01210898i, -0.02560087-0.00400329i, +0.00429666+0.03274956i, +0.00560361+0.06797312i, +0.04043322-0.00482231i, +0.02157603-0.03276636i, -0.01361498+0.01737297i, -0.00923887+0.06923411i, -0.00787426+0.04555008i, -0.02329491-0.06187583i, +0.00081755+0.04518564i, +0.02229406+0.01903507i, +0.01490040+0.02415090i
-0.00532208+0.01852584i, -0.02068631+0.00442375i, -0.01499399+0.01407449i, +0.00205585+0.03729113i, -0.01300648+0.02791019i, +0.01659138-0.01601358i, +0.01422588+0.03279549i, +0.01941991-0.00000000i, -0.01476472-0.00599611i, -0.00097708-0.01705731i, -0.03417566+0.01523616i, -0.01438844+0.02138051i, +0.00408290+0.01012042i, +0.03370492-0.00944614i, +0.00354146+0.00612063i, +0.00236259-0.00640479i, +0.02118739+0.00858905i, -0.00581376+0.03399985i, +0.01020994+0.00252223i, +0.01288278+0.01316907i, -0.00353934-0.01362433i, -0.01539275+0.00922128i, -0.03266482+0.01748738i, +0.01114433+0.01910847i, +0.02099438+0.00366944i, -0.01160162-0.00302964i, -0.03650197+0.01036284i, -0.02440339+0.00592283i, +0.02580150-0.02498618i, -0.02234273+0.01017585i, -0.00466702+0.01522591i, -0.00881503+0.01264704i
-0.00167375-0.01572822i, +0.01436166-0.00975045i, +0.00705409-0.01533022i, -0.01307709-0.02771722i, +0.00127108-0.02523567i, -0.00766985+0.01729770i, -0.02094173-0.02054160i, -0.01476472+0.00599611i, +0.01307680+0.00000000i, +0.00600950+0.01266678i, +0.02127900-0.02213598i, +0.00433788-0.02069793i, -0.00622897-0.00643379i, -0.02270883+0.01758856i, -0.00458234-0.00355998i, +0.00018130+0.00559896i, -0.01876047+0.00001169i, -0.00607770-0.02764473i, -0.00854126+0.00123481i, -0.01386072-0.00603458i, +0.00689758+0.00926559i, +0.00885575-0.01176351i, +0.01943523-0.02338107i, -0.01437285-0.01108700i, -0.01709475+0.00369242i, +0.00975600-0.00127873i, +0.02455235-0.01914913i, +0.01672486-0.01203788i, -0.01190180+0.02696319i, +0.01384500-0.01463514i, -0.00115289-0.01301707i, +0.00279704-0.01233713i
-0.01600424-0.00560670i, -0.00284477-0.01839221i, -0.01160781-0.01387798i, -0.03285778-0.00007051i, -0.02386027-0.01282839i, +0.01323062+0.01537860i, -0.02952139+0.01084513i, -0.00097708+0.01705731i, +0.00600950-0.01266678i, +0.01503130+0.00000000i, -0.01166305-0.03078448i, -0.01805546-0.01371369i, -0.00909461+0.00307699i, +0.00660113+0.03007969i, -0.00555419+0.00280266i, +0.00550672+0.00239741i, -0.00861013+0.01817761i, -0.02957096-0.00681711i, -0.00272908+0.00884091i, -0.01221512+0.01065290i, +0.01214489-0.00242327i, -0.00732497-0.01398405i, -0.01371642-0.02957071i, -0.01734447+0.00882711i, -0.00427932+0.01825561i, +0.00324478-0.01003775i, -0.00726558-0.03258258i, -0.00397445-0.02173251i, +0.02064824+0.02391967i, -0.00781373-0.02013653i, -0.01313873-0.00486531i, -0.01066491-0.00837892i
+0.02390063-0.02842675i, +0.03987502+0.00844469i, +0.03742915-0.01300492i, +0.02563933-0.06723884i, +0.04478646-0.03891266i, -0.04176162+0.01516412i, +0.00069508-0.06887546i, -0.03417566-0.01523616i, +0.02127900+0.02213598i, -0.01166305+0.03078448i, +0.07209696+0.00000000i, +0.04209553-0.02633733i, +0.00075491-0.02101347i, -0.06672589-0.00982009i, -0.00143032-0.01354974i, -0.00918271+0.00941771i, -0.03054746-0.03173809i, +0.03690625-0.05527255i, -0.01598887-0.01244904i, -0.01233948-0.03328264i, -0.00446052+0.02675328i, +0.03432324-0.00415125i, +0.07120436-0.00514712i, -0.00462027-0.04237102i, -0.03406754-0.02292900i, +0.01803989+0.01443385i, +0.07236742+0.01040132i, +0.04759256+0.00872286i, -0.06500941+0.02372842i, +0.04730292-0.00037842i, +0.02015885-0.02313338i, +0.02543532-0.01534064i
+0.02433937-0.00786663i, +0.02019710+0.01949715i, +0.02660465+0.00607980i, +0.03953277-0.02989284i, +0.04036461-0.00635940i, -0.02992304-0.00640177i, +0.02556634-0.03996066i, -0.01438844-0.02138051i, +0.00433788+0.02069793i, -0.01805546+0.01371369i, +0.04209553+0.02633733i, +0.03419962-0.00000000i, +0.00811709-0.01199344i, -0.03537218-0.03010895i, +0.00411465-0.00843384i, -0.00880187+0.00214427i, -0.00624180-0.02969016i, +0.04173989-0.01879019i, -0.00478779-0.01310947i, +0.00495359-0.02394053i, -0.01237747+0.01399109i, +0.02155691+0.01011463i, +0.04345463+0.02300599i, +0.01278067-0.02642714i, -0.01151508-0.02583267i, +0.00526027+0.01501760i, +0.03845380+0.03250919i, +0.02460155+0.02247882i, -0.04662539-0.00989382i, +0.02775718+0.01705901i, +0.02022095-0.00614286i, +0.02045502+0.00033463i
+0.00853555+0.00666846i, -0.00204378+0.01171044i, +0.00418234+0.01077297i, +0.01986598+0.00676883i, +0.01181048+0.01264607i, -0.00485703-0.01201311i, +0.02008180-0.00051859i, +0.00408290-0.01012042i, -0.00622897+0.00643379i, -0.00909461-0.00307699i, +0.00075491+0.02101347i, +0.00811709+0.01199344i, +0.00613252+0.00000000i, +0.00216350-0.01955084i, +0.00393425-0.00055876i, -0.00284105-0.00257779i, +0.00893057-0.00923572i, +0.01649624+0.01017799i, +0.00346100-0.00479049i, +0.00957140-0.00394497i, -0.00784425-0.00101994i, +0.00156932+0.00996043i, +0.00224575+0.02069942i, +0.01230113-0.00179029i, +0.00632620-0.01016945i, -0.00401802+0.00540906i, -0.00227384+0.02120121i, -0.00204404+0.01396272i, -0.00759661-0.01869927i, +0.00060559+0.01378301i, +0.00695356+0.00563330i, +0.00473753+0.00725278i
-0.01824818+0.02956444i, -0.03805464-0.00238433i, -0.03286940+0.01713418i, -0.01457087+0.06572194i, -0.03614980+0.04211397i, +0.03658502-0.01972264i, +0.00873800+0.06383906i, +0.03370492+0.00944614i, -0.02270883-0.01758856i, +0.00660113-0.03007969i, -0.06672589+0.00982009i, -0.03537218+0.03010895i, +0.00216350+0.01955084i, +0.06309252-0.00000000i, +0.00316933+0.01234550i, +0.00721586-0.00996686i, +0.03259468+0.02521290i, -0.02662832+0.05618175i, +0.01649338+0.00934383i, +0.01595353+0.02912243i, +0.00048425-0.02536777i, -0.03120081+0.00851704i, -0.06519872+0.01446219i, +0.01004728+0.03858516i, +0.03465267+0.01658061i, -0.01866194-0.01090141i, -0.06839293+0.00023048i, -0.04523513-0.00159060i, +0.05693438-0.03081542i, -0.04372741+0.00679321i, -0.01550614+0.02415576i, -0.02145095+0.01766226i
+0.00486830+0.00505579i, -0.00237815+0.00732649i, +0.00170157+0.00729235i, +0.01212807+0.00615254i, +0.00642465+0.00918905i, -0.00202141-0.00814943i, +0.01293051+0.00149704i, +0.00354146-0.00612063i, -0.00458234+0.00355998i, -0.00555419-0.00280266i, -0.00143032+0.01354974i, +0.00411465+0.00843384i, +0.00393425+0.00055876i, +0.00316933-0.01234550i, +0.00257489-0.00000000i, -0.00158777-0.00191261i, +0.00657081-0.00511138i, +0.00965563+0.00803262i, +0.00265685-0.00275794i, +0.00649987-0.00165877i, -0.00493946-0.00136905i, +0.00009924+0.00653299i, -0.00044527+0.01348410i, +0.00805478-0.00002773i, +0.00498509-0.00594769i, -0.00307056+0.00310403i, -0.00339049+0.01339422i, -0.00258354+0.00877139i, -0.00316976-0.01268847i, -0.00086731+0.00889751i, +0.00394771+0.00424755i, +0.00237848+0.00508460i
-0.00675739+0.00049857i, -0.00397563-0.00628427i, -0.00646598-0.00323282i, -0.01204870+0.00521480i, -0.01078727-0.00089411i, +0.00729984+0.00352374i, -0.00908543+0.00868160i, +0.00236259+0.00640479i, +0.00018130-0.00559896i, +0.00550672-0.00239741i, -0.00918271-0.00941771i, -0.00880187-0.00214427i, -0.00284105+0.00257779i, +0.00721586+0.00996686i, -0.00158777+0.00191261i, +0.00239976+0.00000000i, -0.00025510+0.00803264i, -0.01192062+0.00221895i, +0.00041028+0.00367414i, -0.00277594+0.00585093i, +0.00406278-0.00282480i, -0.00491388-0.00395477i, -0.00974137-0.00864555i, -0.00494628+0.00600016i, +0.00134393+0.00737047i, -0.00041224-0.00419486i, -0.00785848-0.01077782i, -0.00492225-0.00732781i, +0.01137953+0.00546970i, -0.00607422-0.00613078i, -0.00558937+0.00031315i, -0.00524348-0.00136863i
+0.00238716+0.02256579i, -0.02061250+0.01397553i, -0.01013377+0.02198701i, +0.01873610+0.03977586i, -0.00184611+0.03620291i, +0.01101893-0.02480908i, +0.03002543+0.02948849i, +0.02118739-0.00858905i, -0.01876047-0.00001169i, -0.00861013-0.01817761i, -0.03054746+0.03173809i, -0.00624180+0.02969016i, +0.00893057+0.00923572i, +0.03259468-0.02521290i, +0.00657081+0.00511138i, -0.00025510-0.00803264i, +0.02691450-0.00000000i, +0.00869458+0.03966560i, +0.01225472-0.00176387i, +0.01987971+0.00866983i, -0.00988725-0.01329894i, -0.01271531+0.01686845i, -0.02790343+0.03352599i, +0.02060992+0.01591868i, +0.02452807-0.00528200i, -0.01399748+0.00182579i, -0.03524086+0.02745011i, -0.02400488+0.01725504i, +0.01709888-0.03867177i, -0.01987564+0.02098374i, +0.00164234+0.01867581i, -0.00402377+0.01769681i
+0.03402781+0.00377165i, +0.01393786+0.03489267i, +0.02913000+0.02203757i, +0.06467282-0.01476320i, +0.05275815+0.01441589i, -0.03300311-0.02425374i, +0.05315862-0.03472429i, -0.00581376-0.03399985i, -0.00607770+0.02764473i, -0.02957096+0.00681711i, +0.03690625+0.05527255i, +0.04173989+0.01879019i, +0.01649624-0.01017799i, -0.02662832-0.05618175i, +0.00965563-0.00803262i, -0.01192062-0.00221895i, +0.00869458-0.03966560i, +0.06126647-0.00000000i, +0.00135930-0.01863037i, +0.01919932-0.02649725i, -0.02279352+0.01027531i, +0.02075250+0.02418863i, +0.04039533+0.05195345i, +0.03011830-0.02523171i, +0.00013925-0.03785490i, -0.00183102+0.02121878i, +0.02907061+0.06080430i, +0.01767520+0.04095166i, -0.05146934-0.03769242i, +0.02450436+0.03607069i, +0.02805428+0.00361270i, +0.02478105+0.01164695i
-0.00039195+0.01043111i, -0.01030119+0.00501248i, -0.00605505+0.00934701i, +0.00592418+0.01933865i, -0.00321316+0.01636294i, +0.00664303-0.01057395i, +0.01173864+0.01539446i, +0.01020994-0.00252223i, -0.00854126-0.00123481i, -0.00272908-0.00884091i, -0.01598887+0.01244904i, -0.00478779+0.01310947i, +0.00346100+0.00479049i, +0.01649338-0.00934383i, +0.00265685+0.00275794i, +0.00041028-0.00367414i, +0.01225472+0.00176387i, +0.00135930+0.01863037i, +0.00569542-0.00000000i, +0.00848345+0.00525039i, -0.00363031-0.00670325i, -0.00689503+0.00684724i, -0.01490216+0.01343639i, +0.00834087+0.00859879i, +0.01151429-0.00079753i, -0.00649299-0.00008602i, -0.01784485+0.01018906i, -0.01206074+0.00628339i, +0.01031986-0.01648746i, -0.01042498+0.00825176i, -0.00047615+0.00861111i, -0.00299188+0.00779402i
+0.00903222+0.01589869i, -0.01072304+0.01696247i, -0.00040249+0.01950449i, +0.02665175+0.02334407i, +0.01029828+0.02733504i, +0.00014723-0.02187407i, +0.03167651+0.01210898i, +0.01288278-0.01316907i, -0.01386072+0.00603458i, -0.01221512-0.01065290i, -0.01233948+0.03328264i, +0.00495359+0.02394053i, +0.00957140+0.00394497i, +0.01595353-0.02912243i, +0.00649987+0.00165877i, -0.00277594-0.00585093i, +0.01987971-0.00866983i, +0.01919932+0.02649725i, +0.00848345-0.00525039i, +0.01747642-0.00000000i, -0.01158689-0.00663800i, -0.00395809+0.01655538i, -0.00981060+0.03375152i, +0.02035080+0.00511896i, +0.01641558-0.01180252i, -0.00975075+0.00585751i, -0.01718740+0.03162729i, -0.01217232+0.02047757i, +0.00017251-0.03407190i, -0.00792125+0.02190155i, +0.00722902+0.01326538i, +0.00272853+0.01436746i
-0.01202711-0.00711018i, +0.00066660-0.01531903i, -0.00714146-0.01308438i, -0.02653683-0.00535412i, -0.01721033-0.01421161i, +0.00821073+0.01455846i, -0.02560087+0.00400329i, -0.00353934+0.01362433i, +0.00689758-0.00926559i, +0.01214489+0.00242327i, -0.00446052-0.02675328i, -0.01237747-0.01399109i, -0.00784425+0.00101994i, +0.00048425+0.02536777i, -0.00493946+0.00136905i, +0.00406278+0.00282480i, -0.00988725+0.01329894i, -0.02279352-0.01027531i, -0.00363031+0.00670325i, -0.01158689+0.00663800i, +0.01020340+0.00000000i, -0.00366394-0.01247962i, -0.00631526-0.02610362i, -0.01543692+0.00433589i, -0.00640064+0.01406015i, +0.00423992-0.00758713i, -0.00061760-0.02749716i, +0.00029235-0.01820002i, +0.01282702+0.02265524i, -0.00306698-0.01752945i, -0.00983138-0.00604919i, -0.00726615-0.00848928i
+0.01301516-0.01215697i, +0.01849709+0.00631622i, +0.01856772-0.00403614i, +0.01607765-0.03053416i, +0.02356206-0.01594643i, -0.02075461+0.00481461i, +0.00429666-0.03274956i, -0.01539275-0.00922128i, +0.00885575+0.01176351i, -0.00732497+0.01398405i, +0.03432324+0.00415125i, +0.02155691-0.01011463i, +0.00156932-0.00996043i, -0.03120081-0.00851704i, +0.00009924-0.00653299i, -0.00491388+0.00395477i, -0.01271531-0.01686845i, +0.02075250-0.02418863i, -0.00689503-0.00684724i, -0.00395809-0.01655538i, -0.00366394+0.01247962i, +0.01657931+0.00000000i, +0.03419467+0.00164946i, +0.00024009-0.02043763i, -0.01489833-0.01287739i, +0.00775718+0.00791024i, +0.03385311+0.00911858i, +0.02215517+0.00689301i, -0.03231532+0.00755325i, +0.02254132+0.00254348i, +0.01092902-0.00985240i, +0.01299230-0.00583870i
+0.02563416-0.02636850i, +0.03877846+0.01118688i, +0.03789420-0.01017178i, +0.03012220-0.06457595i, +0.04701002-0.03523352i, -0.04232718+0.01199494i, +0.00560361-0.06797312i, -0.03266482-0.01748738i, +0.01943523+0.02338107i, -0.01371642+0.02957071i, +0.07120436+0.00514712i, +0.04345463-0.02300599i, +0.00224575-0.02069942i, -0.06519872-0.01446219i, -0.00044527-0.01348410i, -0.00974137+0.00864555i, -0.02790343-0.03352599i, +0.04039533-0.05195345i, -0.01490216-0.01343639i, -0.00981060-0.03375152i, -0.00631526+0.02610362i, +0.03419467-0.00164946i, +0.07069028-0.00000000i, -0.00153813-0.04217630i, -0.03200883-0.02507727i, +0.01678609+0.01554305i, +0.07072890+0.01543898i, +0.04638060+0.01201258i, -0.06589857+0.01879351i, +0.04674430+0.00300330i, +0.02156080-0.02140780i, +0.02621561-0.01333485i
+0.01517461+0.01586798i, -0.00751825+0.02289318i, +0.00524431+0.02283033i, +0.03787286+0.01937704i, +0.01999868+0.02881446i, -0.00623562-0.02551487i, +0.04043322+0.00482231i, +0.01114433-0.01910847i, -0.01437285+0.01108700i, -0.01734447-0.00882711i, -0.00462027+0.04237102i, +0.01278067+0.02642714i, +0.01230113+0.00179029i, +0.01004728-0.03858516i, +0.00805478+0.00002773i, -0.00494628-0.00600016i, +0.02060992-0.01591868i, +0.03011830+0.02523171i, +0.00834087-0.00859879i, +0.02035080-0.00511896i, -0.01543692-0.00433589i, +0.00024009+0.02043763i, -0.00153813+0.04217630i, +0.02519732+0.00000000i, +0.01565845-0.01855194i, -0.00963877+0.00967697i, -0.01075040+0.04186341i, -0.00817631+0.02741091i, -0.00977901-0.03972632i, -0.00280897+0.02782394i, +0.01230351+0.01332973i, +0.00738562+0.01593130i
-0.00225306+0.02103344i, -0.02152756+0.00869114i, -0.01355021+0.01804873i, +0.00926878+0.03992604i, -0.00878728+0.03263061i, +0.01491072-0.02044686i, +0.02157603+0.03276636i, +0.02099438-0.00366944i, -0.01709475-0.00369242i, -0.00427932-0.01825561i, -0.03406754+0.02292900i, -0.01151508+0.02583267i, +0.00632620+0.01016945i, +0.03465267-0.01658061i, +0.00498509+0.00594769i, +0.00134393-0.00737047i, +0.02452807+0.00528200i, +0.00013925+0.03785490i, +0.01151429+0.00079753i, +0.01641558+0.01180252i, -0.00640064-0.01406015i, -0.01489833+0.01287739i, -0.03200883+0.02507727i, +0.01565845+0.01855194i, +0.02338984-0.00000000i, -0.01311468-0.00108311i, -0.03750327+0.01810014i, -0.02526276+0.01101411i, +0.02317215-0.03188719i, -0.02223141+0.01522256i, -0.00216843+0.01734220i, -0.00714001+0.01533802i
+0.00028930-0.01189778i, +0.01166804-0.00586999i, +0.00676182-0.01074739i, -0.00704586-0.02195731i, +0.00341600-0.01870288i, -0.00741360+0.01215502i, -0.01361498-0.01737297i, -0.01160162+0.00302964i, +0.00975600+0.00127873i, +0.00324478+0.01003775i, +0.01803989-0.01443385i, +0.00526027-0.01501760i, -0.00401802-0.00540906i, -0.01866194+0.01090141i, -0.00307056-0.00310403i, -0.00041224+0.00419486i, -0.01399748-0.00182579i, -0.00183102-0.02121878i, -0.00649299+0.00008602i, -0.00975075-0.00585751i, +0.00423992+0.00758713i, +0.00775718-0.00791024i, +0.01678609-0.01554305i, -0.00963877-0.00967697i, -0.01311468+0.00108311i, +0.00740355+0.00000000i, +0.02018991-0.01188541i, +0.01365479-0.00734545i, -0.01151602+0.01895217i, +0.01176024-0.00956476i, +0.00041277-0.00982418i, +0.00329315-0.00893066i
+0.01988921-0.03198149i, +0.04124290+0.00272366i, +0.03569336-0.01845355i, +0.01603507-0.07119002i, +0.03934060-0.04551991i, -0.03973058+0.02124589i, -0.00923887-0.06923411i, -0.03650197-0.01036284i, +0.02455235+0.01914913i, -0.00726558+0.03258258i, +0.07236742-0.01040132i, +0.03845380-0.03250919i, -0.00227384-0.02120121i, -0.06839293-0.00023048i, -0.00339049-0.01339422i, -0.00785848+0.01077782i, -0.03524086-0.02745011i, +0.02907061-0.06080430i, -0.01784485-0.01018906i, -0.01718740-0.03162729i, -0.00061760+0.02749716i, +0.03385311-0.00911858i, +0.07072890-0.01543898i, -0.01075040-0.04186341i, -0.03750327-0.01810014i, +0.02018991+0.01188541i, +0.07413947+0.00000000i, +0.04902953+0.00188948i, -0.06183002+0.03319624i, +0.04742577-0.00720416i, +0.01689705-0.02612845i, +0.02331757-0.01906771i
+0.01233797-0.02165672i, +0.02734395+0.00075010i, +0.02313425-0.01311327i, +0.00878992-0.04748767i, +0.02485642-0.03110560i, -0.02573296+0.01506277i, -0.00787426-0.04555008i, -0.02440339-0.00592283i, +0.01672486+0.01203788i, -0.00397445+0.02173251i, +0.04759256-0.00872286i, +0.02460155-0.02247882i, -0.00204404-0.01396272i, -0.04523513+0.00159060i, -0.00258354-0.00877139i, -0.00492225+0.00732781i, -0.02400488-0.01725504i, +0.01767520-0.04095166i, -0.01206074-0.00628339i, -0.01217232-0.02047757i, +0.00029235+0.01820002i, +0.02215517-0.00689301i, +0.04638060-0.01201258i, -0.00817631-0.02741091i, -0.02526276-0.01101411i, +0.01365479+0.00734545i, +0.04902953-0.00188948i, +0.03247211+0.00000000i, -0.04004308+0.02352893i, +0.03117976-0.00597288i, +0.01050838-0.01770976i, +0.01493430-0.01320401i
-0.03090682+0.01776610i, -0.03317577-0.02073812i, -0.03802980-0.00059215i, -0.04524835+0.05219050i, -0.05319055+0.02034728i, +0.04264699+0.00007111i, -0.02329491+0.06187583i, +0.02580150+0.02498618i, -0.01190180-0.02696319i, +0.02064824-0.02391967i, -0.06500941-0.02372842i, -0.04662539+0.00989382i, -0.00759661+0.01869927i, +0.05693438+0.03081542i, -0.00316976+0.01268847i, +0.01137953-0.00546970i, +0.01709888+0.03867177i, -0.05146934+0.03769242i, +0.01031986+0.01648746i, +0.00017251+0.03407190i, +0.01282702-0.02265524i, -0.03231532-0.00755325i, -0.06589857-0.01879351i, -0.00977901+0.03972632i, +0.02317215+0.03188719i, -0.01151602-0.01895217i, -0.06183002-0.03319624i, -0.04004308-0.02352893i, +0.06642805-0.00000000i, -0.04277731-0.01522703i, -0.02579073+0.01422459i, -0.02798376+0.00546134i
+0.01583045-0.01852538i, +0.02611773+0.00574987i, +0.02462558-0.00833609i, +0.01717492-0.04398092i, +0.02958871-0.02529558i, -0.02747945+0.00973000i, +0.00081755-0.04518564i, -0.02234273-0.01017585i, +0.01384500+0.01463514i, -0.00781373+0.02013653i, +0.04730292+0.00037842i, +0.02775718-0.01705901i, +0.00060559-0.01378301i, -0.04372741-0.00679321i, -0.00086731-0.00889751i, -0.00607422+0.00613078i, -0.01987564-0.02098374i, +0.02450436-0.03607069i, -0.01042498-0.00825176i, -0.00792125-0.02190155i, -0.00306698+0.01752945i, +0.02254132-0.00254348i, +0.04674430-0.00300330i, -0.00280897-0.02782394i, -0.02223141-0.01522256i, +0.01176024+0.00956476i, +0.04742577+0.00720416i, +0.03117976+0.00597288i, -0.04277731+0.01522703i, +0.03103750-0.00000000i, +0.01334767-0.01507203i, +0.01676867-0.00993151i
+0.01580394-0.00027946i, +0.00843975+0.01515569i, +0.01463829+0.00837343i, +0.02874353-0.01057372i, +0.02500833+0.00349013i, -0.01654249-0.00915984i, +0.02229406-0.01903507i, -0.00466702-0.01522591i, -0.00115289+0.01301707i, -0.01313873+0.00486531i, +0.02015885+0.02313338i, +0.02022095+0.00614286i, +0.00695356-0.00563330i, -0.01550614-0.02415576i, +0.00394771-0.00424755i, -0.00558937-0.00031315i, +0.00164234-0.01867581i, +0.02805428-0.00361270i, -0.00047615-0.00861111i, +0.00722902-0.01326538i, -0.00983138+0.00604919i, +0.01092902+0.00985240i, +0.02156080+0.02140780i, +0.01230351-0.01332973i, -0.00216843-0.01734220i, +0.00041277+0.00982418i, +0.01689705+0.02612845i, +0.01050838+0.01770976i, -0.02579073-0.01422459i, +0.01334767+0.01507203i, +0.01305925+0.00000000i, +0.01203418+0.00387194i
+0.01448057-0.00494324i, +0.01227079+0.01146375i, +0.01597191+0.00337605i, +0.02335232-0.01826593i, +0.02408012-0.00419855i, -0.01795981-0.00353615i, +0.01490040-0.02415090i, -0.00881503-0.01264704i, +0.00279704+0.01233713i, -0.01066491+0.00837892i, +0.02543532+0.01534064i, +0.02045502-0.00033463i, +0.00473753-0.00725278i, -0.02145095-0.01766226i, +0.00237848-0.00508460i, -0.00524348+0.00136863i, -0.00402377-0.01769681i, +0.02478105-0.01164695i, -0.00299188-0.00779402i, +0.00272853-0.01436746i, -0.00726615+0.00848928i, +0.01299230+0.00583870i, +0.02621561+0.01333485i, +0.00738562-0.01593130i, -0.00714001-0.01533802i, +0.00329315+0.00893066i, +0.02331757+0.01906771i, +0.01493430+0.01320401i, -0.02798376-0.00546134i, +0.01676867+0.00993151i, +0.01203418-0.00387194i, +0.01223756+0.00000000i
